name,org
Philip MacAulay,Immigration and Refugee Board
David Lowe,Immigration and Refugee Board
David Lee,Immigration and Refugee Board
Normand Leduc,Immigration and Refugee Board
Patricia Greenside,Immigration and Refugee Board
Milton Israel,Immigration and Refugee Board
Maryanne Kingma,Immigration and Refugee Board
Susan Kular,Immigration and Refugee Board
Cathryn Forbes,Immigration and Refugee Board
Luella Gaultier,Immigration and Refugee Board
Lyne Gauthier,Immigration and Refugee Board
Benjamin Dolin,Immigration and Refugee Board
Elaine Doyle,Immigration and Refugee Board
Kevin Fainbloom,Immigration and Refugee Board
Leonard Favreau,Immigration and Refugee Board
Mario Dion,Immigration and Refugee Board
Rena Dhir,Immigration and Refugee Board
Kirk Dickenson,Immigration and Refugee Board
Roxane Cyr,Immigration and Refugee Board
Louis Cousineau,Immigration and Refugee Board
Philippe Dufresne,House of Commons
Roslyn Ahara,Immigration and Refugee Board
Rose Andrachuk,Immigration and Refugee Board
Paul Aterman,Immigration and Refugee Board
Haig Basmajian,Immigration and Refugee Board
Alain Bissonnette,Immigration and Refugee Board
Anna Brychcy,Immigration and Refugee Board
Margot Sackett,Historic Sites and Monuments Board of Canada
Lorne Wheeler,Historic Sites and Monuments Board of Canada
Richard Wishart,Historic Sites and Monuments Board of Canada
Marc Bosc,House of Commons
Nicholas Roquet,Historic Sites and Monuments Board of Canada
Kamal Ahmed,Harbour of QuÃ©bec
John Ashton,Historic Sites and Monuments Board of Canada
Guy Berthiaume,Historic Sites and Monuments Board of Canada
Leonard Cusack,Historic Sites and Monuments Board of Canada
Matthew Moccio,Hamilton Port Authority
Melvin Hawkrigg,Hamilton Port Authority
Kashi Mattu,Immigration and Refugee Board
David McBean,Immigration and Refugee Board
Daniel McSweeney,Immigration and Refugee Board
Sandy Morris,Immigration and Refugee Board
David Mungovan,Immigration and Refugee Board
Vandana Patel,Immigration and Refugee Board
Marie-JosÃ© Rivest,Immigration and Refugee Board
Ken Sandhu,Immigration and Refugee Board
Dominique Setton,Immigration and Refugee Board
Michael Sterlin,Immigration and Refugee Board
Michael Sterlin,Immigration and Refugee Board
Atam Uppal,Immigration and Refugee Board
Atam Uppal,Immigration and Refugee Board
Doris Zicherman,Immigration and Refugee Board
Doris Zicherman,Immigration and Refugee Board
Michael Sterlin,Independent Review Panel for Defence Acquisition
Atam Uppal,Independent Review Panel for Defence Acquisition
Wilton Littlechild,Indian Residential Schools Truth and Reconciliation Commission
Murray Sinclair,Indian Residential Schools Truth and Reconciliation Commission
Marie Wilson,Indian Residential Schools Truth and Reconciliation Commission
Maureen Irish,Internal Trade Agreement: Dispute Resolution Roster of Panellists
Faith Scattolon,International Commission on the Conservation of Atlantic Tunas
Scott Gilmore,International Development Research Centre
Alanna Heath,International Development Research Centre
Gordon Houlden,International Development Research Centre
Shainoor Khoja,International Development Research Centre
Jean Lebel,International Development Research Centre
Nadir Patel,International Development Research Centre
Uriel Rosenthal,International Development Research Centre
Monte Solberg,International Development Research Centre
BenoÃ®t Bouchard,International Joint Commission
Aaron Thompson,International Niagara Committee
Ted Assu,International Pacific Halibut Commission
David Boyes,International Pacific Halibut Commission
Paul Ryall,International Pacific Halibut Commission
Dominique Bouchard,Jacques Cartier and Champlain Bridges Incorporated (The)
Denise HÃ©bert,Jacques Cartier and Champlain Bridges Incorporated (The)
Serge Martel,Jacques Cartier and Champlain Bridges Incorporated (The)
Guy Martin,Jacques Cartier and Champlain Bridges Incorporated (The)
Gail Faveri,Lake of the Woods Control Board
Erika Klyszejko,Lake of the Woods Control Board
Fulvio Fracassi,Laurentian Pilotage Authority
Louis RhÃ©aume,Laurentian Pilotage Authority
Michel Tosini,Laurentian Pilotage Authority
Jacques Vigneault,Laurentian Pilotage Authority
Guy Berthiaume,Library and Archives of Canada
Jean-Denis FrÃ©chette,Library of Parliament
Sonia L'Heureux,Library of Parliament
Nick Careen,Marine Atlantic Inc.
Stan Cook,Marine Atlantic Inc.
James Doody,Marine Atlantic Inc.
John Henley,Marine Atlantic Inc.
Walter Pelley,Marine Atlantic Inc.
Dwight Rudderham,Marine Atlantic Inc.
Denis Brazeau,Military Grievances External Review Committee
Allan Fenske,Military Grievances External Review Committee
Bruno Hamel,Military Grievances External Review Committee
Steven Chabot,Military Police Complaints Commission
Troy DeSouza,Military Police Complaints Commission
Hugh Muir,Military Police Complaints Commission
Marie-Claude Boisvert,MontrÃ©al Port Authority
Michel Lessard,MontrÃ©al Port Authority
Germain Thibault,MontrÃ©al Port Authority
Anik Trudel,MontrÃ©al Port Authority
Darlene Bernard,National Aboriginal Economic Development Board
Marie Delorme,National Aboriginal Economic Development Board
Adam Fiddler,National Aboriginal Economic Development Board
John Knubley,National Aboriginal Economic Development Board
Clarence Louie,National Aboriginal Economic Development Board
Dawn Madahbee,National Aboriginal Economic Development Board
Terrance Paul,National Aboriginal Economic Development Board
Ian Shugart,National Aboriginal Economic Development Board
Colleen Swords,National Aboriginal Economic Development Board
Ruth Williams,National Aboriginal Economic Development Board
Kimberley Bozak,National Arts Centre Corporation
Adrian Burns,National Arts Centre Corporation
Susan Glass,National Arts Centre Corporation
Peter Herrndorf,National Arts Centre Corporation
Gail O'Brien,National Arts Centre Corporation
Maxime Pedneaud-Jobin,National Arts Centre Corporation
Enrico Scichilone,National Arts Centre Corporation
Louise Sicuro,National Arts Centre Corporation
Jim Watson,National Arts Centre Corporation
AndrÃ© Beaudet,National Battlefields Commission
Marcel Belleau,National Battlefields Commission
Margaret Delisle,National Battlefields Commission
Manuel Fresnais,National Battlefields Commission
Florence Lanthier,National Battlefields Commission
Carmen Montpetit,National Battlefields Commission
Guy Paquin,National Battlefields Commission
Victor Brunette,National Capital Commission
Brian Coburn,National Capital Commission
Norman Hotson,National Capital Commission
Aditya Jha,National Capital Commission
Mark Kristmanson,National Capital Commission
Carol Loughrey,National Capital Commission
Lisa MacDonald,National Capital Commission
Michael Pankiw,National Capital Commission
FranÃ§ois Paulhus,National Capital Commission
Bob Plamondon,National Capital Commission
Michael Poliwoda,National Capital Commission
Denys Rivard,National Capital Commission
Kay Stanley,National Capital Commission
Basil Stewart,National Capital Commission
James Ballem,National Energy Board
Philip Davies,National Energy Board
Jacques Gauthier,National Energy Board
Roland George,National Energy Board
David Hamilton,National Energy Board
Murray Lytle,National Energy Board
Lyne Mercier,National Energy Board
Shane Parrish,National Energy Board
Michael Richmond,National Energy Board
Alison Scott,National Energy Board
Ron Wallace,National Energy Board
Peter Watson,National Energy Board
Chantelle Donahue,National Farm Products Council
Maryse DubÃ©,National Farm Products Council
Kimberley Hill,National Farm Products Council
Laurent Pellerin,National Farm Products Council
Michael Pickard,National Farm Products Council
Cheryl Ashton,National Film Board
Carolle Brabant,National Film Board
Mary-Lynn Charlton,National Film Board
Anita Huberman,National Film Board
Claude Joli-Coeur,National Film Board
Louis Puddister,National Film Board
Jean-FranÃ§ois BÃ©land,National Gallery of Canada
Paul Baay,National Gallery of Canada
Allan Benoit,National Gallery of Canada
Guy Bourgeois,National Gallery of Canada
Linda Hutchison,National Gallery of Canada
Nezhat Khosrowshahi,National Gallery of Canada
Marc Mayer,National Gallery of Canada
Marsha Sobey,National Gallery of Canada
Michael Tims,National Gallery of Canada
Harriet Walker,National Gallery of Canada
Marie-Claire BÃ©langer,National Museum of Science and Technology
Alex Benay,National Museum of Science and Technology
Harold Bjarnason,National Museum of Science and Technology
Helen Johns,National Museum of Science and Technology
Gary Polonsky,National Museum of Science and Technology
Glen Schmidt,National Museum of Science and Technology
Jim Silye,National Museum of Science and Technology
Carolyn Cross,National Research Council of Canada
Maurice Guitton,National Research Council of Canada
Raymond Leduc,National Research Council of Canada
Stephen Mooney,National Research Council of Canada
Lois Scott,National Research Council of Canada
Peter Vanexan,National Research Council of Canada
Marie Beaulieu,National Seniors Council
Olivia Butti,National Seniors Council
Sharron Gionet,National Seniors Council
Shanthi Johnson,National Seniors Council
Patricia Spadafora,National Seniors Council
Yves Beauchamp,Natural Sciences and Engineering Research Council
Julia Biedermann,Natural Sciences and Engineering Research Council
Sophie D'Amours,Natural Sciences and Engineering Research Council
Raymond Ivany,Natural Sciences and Engineering Research Council
Digvir Jayas,Natural Sciences and Engineering Research Council
Bozena Kaminska,Natural Sciences and Engineering Research Council
Ed Kustan,Natural Sciences and Engineering Research Council
Christian Leuprecht,Natural Sciences and Engineering Research Council
Robert McCulloch,Natural Sciences and Engineering Research Council
Sudarshan Mehta,Natural Sciences and Engineering Research Council
Daniel Muzyka,Natural Sciences and Engineering Research Council
Robert Niven,Natural Sciences and Engineering Research Council
Hossein Rahnama,Natural Sciences and Engineering Research Council
Tracey Scarlett,Natural Sciences and Engineering Research Council
Sarah Shortreed,Natural Sciences and Engineering Research Council
John Weissenberger,Natural Sciences and Engineering Research Council
Kimberly Woodhouse,Natural Sciences and Engineering Research Council
Carl McLean,North Atlantic Salmon Conservation Organization
Richard Nadeau,North Atlantic Salmon Conservation Organization
George Hungerford,North Pacific Anadromous Fish Commission
Carmel Lowe,North Pacific Anadromous Fish Commission
Terry Tebb,North Pacific Anadromous Fish Commission
Bob Hamilton,Northern Pipeline Agency
Bob Hamilton,Northern Pipeline Agency - Federal-Provincial Consultative Council
Bruce Chapman,Northwest Atlantic Fisheries Commission
Gerard Chidley,Northwest Atlantic Fisheries Commission
Kevin Stringer,Northwest Atlantic Fisheries Commission
Ben Kovic,Nunavut Wildlife Management Board
David Kritterdlik,Nunavut Wildlife Management Board
Michael Ferguson,Office of the Auditor General of Canada
Marc Mayrand,Office of the Chief Electoral Officer
William Brooks,Office of the Commissioner for Federal Judicial Affairs
John Pecman,Office of the Commissioner of Competition
Karen Shepherd,Office of the Commissioner of Lobbying
Graham Fraser,Office of the Commissioner of Official Languages for Canada
Jean-Pierre Plouffe,Office of the Communications Security Establishment Commissioner
Meena Ballantyne,Office of the Coordinator (Status of Women Canada)
Kathleen Roussel,Office of the Director of Public Prosecutions
Jeffrey Davidson,Office of the Extractive Sector Corporate Social Responsibility Counsellor
Susan O'Sullivan,Office of the Federal Ombudsman for Victims of Crime
Suzanne Legault,Office of the Information Commissioner
Gary Walbourne,Office of the Ombudsperson for the Department of National Defence and the Canadian Forces
Daniel Therrien,Office of the Privacy Commissioner
Frank Brunetta,Office of the Procurement Ombudsman
Joe Friday,Office of the Public Sector Integrity Commissioner
Lyse Ricard,Office of the Senate Ethics Officer
Jeremy Rudin,Office of the Superintendent of Financial Institutions
Sherra Profit,Office of the Taxpayers' Ombudsman
George Lafond,Office of the Treaty Commissioner in Saskatchewan
Guy Parent,Office of the Veterans' Ombudsman
Paul Prefontaine,Pacific Pilotage Authority
Daniel Watson,Parks Canada Agency
RenÃ© Allard,Parole Board of Canada
Bent Andersen,Parole Board of Canada
Anne-Marie Asselin,Parole Board of Canada
Richard BÃ©lisle,Parole Board of Canada
FranÃ§ois Barron,Parole Board of Canada
Maurice Bastarache,Parole Board of Canada
Dave Blackburn,Parole Board of Canada
Jacques Bouchard,Parole Board of Canada
Pierre Cadieux,Parole Board of Canada
Francine Cantin,Parole Board of Canada
Harvey Cenaiko,Parole Board of Canada
Simon Chapelle,Parole Board of Canada
Suzanne Chartrand,Parole Board of Canada
Linda Cross,Parole Board of Canada
Alex Dantzer,Parole Board of Canada
Doreen Dinn,Parole Board of Canada
Steven Dubreuil,Parole Board of Canada
Gerald Gunn,Parole Board of Canada
Patricia Haasbeek,Parole Board of Canada
Laura Hall,Parole Board of Canada
Louise Harris,Parole Board of Canada
Denis Jolette,Parole Board of Canada
Ron Kuban,Parole Board of Canada
HÃ©lÃ¨ne Lacroix,Parole Board of Canada
Michel LafreniÃ¨re,Parole Board of Canada
Michel Lalonde,Parole Board of Canada
Guy LeBlanc,Parole Board of Canada
Linda Lennon,Parole Board of Canada
Lori Louhela,Parole Board of Canada
Maryam Majedi,Parole Board of Canada
Robert Marshall,Parole Board of Canada
Mitchell McCormick,Parole Board of Canada
Louis-Philippe McGraw,Parole Board of Canada
Gordon McRae,Parole Board of Canada
Michel Pallascio,Parole Board of Canada
Lori Plater,Parole Board of Canada
Gilles Roussel,Parole Board of Canada
Paul Sweet,Parole Board of Canada
Walter Tielman,Parole Board of Canada
Chris Trowbridge,Parole Board of Canada
Paul Turmel,Parole Board of Canada
Lorrie Vacing,Parole Board of Canada
Colleen Zuk,Parole Board of Canada
Mitchell Levine,Patented Medicine Prices Review Board
Normand Tremblay,Patented Medicine Prices Review Board
Sandra Cawley,Payments in lieu of Taxes Dispute Advisory Panel
Michael Chandler,Payments in lieu of Taxes Dispute Advisory Panel
Claude Chevalier,Payments in lieu of Taxes Dispute Advisory Panel
Gerassimos Divaris,Payments in lieu of Taxes Dispute Advisory Panel
Mathieu L'Ã‰cuyer,Payments in lieu of Taxes Dispute Advisory Panel
Jacques Laflamme,Payments in lieu of Taxes Dispute Advisory Panel
Shawn Lester,Payments in lieu of Taxes Dispute Advisory Panel
Surinder Pal,Payments in lieu of Taxes Dispute Advisory Panel
Douglas Rundell,Payments in lieu of Taxes Dispute Advisory Panel
Marian Tyson,Payments in lieu of Taxes Dispute Advisory Panel
James White,Payments in lieu of Taxes Dispute Advisory Panel
Tim Newton,Permanent Engineering Board
Gillian Trumper,Port Alberni Port Authority
John Beck,PPP Canada Inc.
Rick Byers,PPP Canada Inc.
Anthony Comper,PPP Canada Inc.
John McBride,PPP Canada Inc.
Sheila O'Brien,PPP Canada Inc.
Gregory Taylor,Public Health Agency of Canada
Cheryl Barker,Public Sector Pension Investment Board
Diane Bean,Public Sector Pension Investment Board
Micheline Bouchard,Public Sector Pension Investment Board
LÃ©on Courville,Public Sector Pension Investment Board
Anthony Gage,Public Sector Pension Investment Board
Garnet Garven,Public Sector Pension Investment Board
Martin Glynn,Public Sector Pension Investment Board
Lynn Haight,Public Sector Pension Investment Board
Timothy Hodgson,Public Sector Pension Investment Board
Marie-JosÃ©e BÃ©dard,Public Servants Disclosure Protection Tribunal
Martine St-Louis,Public Servants Disclosure Protection Tribunal
Susan Cartwright,Public Service Commission
Christine Donoghue,Public Service Commission
Anne-Marie Robinson,Public Service Commission
Daniel Tucker,Public Service Commission
Nathalie Daigle,Public Service Labour Relations and Employment Board
Catherine Ebbs,Public Service Labour Relations and Employment Board
Marie-Claire Perrault,Public Service Labour Relations and Employment Board
Margaret Shannon,Public Service Labour Relations and Employment Board
Christopher Aylward,Public Service Pension Advisory Committee
Robyn Benson,Public Service Pension Advisory Committee
Shannon Bittman,Public Service Pension Advisory Committee
Ron Cochrane,Public Service Pension Advisory Committee
Michel Doiron,Public Service Pension Advisory Committee
Karen Ellis,Public Service Pension Advisory Committee
Liseanne Forand,Public Service Pension Advisory Committee
Bob Hamilton,Public Service Pension Advisory Committee
Milton Isaacs,Public Service Pension Advisory Committee
Marie-GeneviÃ¨ve Mounier,Public Service Pension Advisory Committee
Claude Poirier,Public Service Pension Advisory Committee
Jean-Guy SouliÃ¨re,Public Service Pension Advisory Committee
Denis Bernier,QuÃ©bec Port Authority
Pierre Rivard,QuÃ©bec Port Authority
Claude Rousseau,QuÃ©bec Port Authority
Marie-Soleil Tremblay,QuÃ©bec Port Authority
Cindy Allen,Renewable Resources Board (Gwich'in)
Ronald Allen,Renewable Resources Board (Gwich'in)
Jozef Carnogursky,Renewable Resources Board (Gwich'in)
Johnnie Charlie,Renewable Resources Board (Gwich'in)
Doug Doan,Renewable Resources Board (Gwich'in)
Kenneth Hunt,Renewable Resources Board (Gwich'in)
Sarah Jerome,Renewable Resources Board (Gwich'in)
Eugene Pascal,Renewable Resources Board (Gwich'in)
Charlie Snowshoe,Renewable Resources Board (Gwich'in)
Lesley Allen,Renewable Resources Board (Sahtu)
George Barnaby,Renewable Resources Board (Sahtu)
Patrick Bobinski,Renewable Resources Board (Sahtu)
Leonard Kenny,Renewable Resources Board (Sahtu)
Paul Latour,Renewable Resources Board (Sahtu)
Michael Neyelle,Renewable Resources Board (Sahtu)
Camilla Rabisca,Renewable Resources Board (Sahtu)
Jeff Walker,Renewable Resources Board (Sahtu)
Fred Nicholson,Roosevelt Campobello International Park Commission
Susan Dujmovic,Royal Canadian Mint
Sandra Hanington,Royal Canadian Mint
Carol Skelton,Royal Canadian Mint
Bonnie Staples-Lyon,Royal Canadian Mint
Elizabeth Walker,Royal Canadian Mounted Police External Review Committee
Jean-Guy Bergeron,Saguenay Port Authority
Jean-Guy Bonneau,Saguenay Port Authority
Martial Bouchard,Saguenay Port Authority
Lauraine Gagnon,Saguenay Port Authority
Jean-SÃ©bastien Harvey,Saguenay Port Authority
Pierre Blais,Security Intelligence Review Committee
Marie-Lucie Morin,Security Intelligence Review Committee
Charles Robert,Senate
Pierre CÃ´tÃ©,Sept-ÃŽles Port Authority
Manon Langlois,Sept-ÃŽles Port Authority
Avit Ouellet,Sept-ÃŽles Port Authority
FranÃ§ois Turmel,Sept-ÃŽles Port Authority
Mairi Arthur,Social Sciences and Humanities Research Council
JosÃ©e Audet,Social Sciences and Humanities Research Council
Neil Cooke,Social Sciences and Humanities Research Council
Jean-Marie Dufour,Social Sciences and Humanities Research Council
Ginny Dybenko,Social Sciences and Humanities Research Council
Patrick Horgan,Social Sciences and Humanities Research Council
Karin Schnarr,Social Sciences and Humanities Research Council
MichÃ¨le Thibodeau-DeGuire,Social Sciences and Humanities Research Council
Carolyn Watters,Social Sciences and Humanities Research Council
Pamila Ahlfeld,Social Security Tribunal
Rodney Antonichuk,Social Security Tribunal
Jatinder Bhullar,Social Security Tribunal
Joanne Blanchard,Social Security Tribunal
Alcide Boudreault,Social Security Tribunal
Charline Bourque,Social Security Tribunal
Murielle Brazeau,Social Security Tribunal
Patricia Broad,Social Security Tribunal
Antoinette Cardillo,Social Security Tribunal
Shu-Tai Cheng,Social Security Tribunal
Claude Durand,Social Security Tribunal
Margaret Gaily,Social Security Tribunal
Pierre Lafontaine,Social Security Tribunal
Lucie Leduc,Social Security Tribunal
Janet Lew,Social Security Tribunal
Brisette Lucas,Social Security Tribunal
John Martel,Social Security Tribunal
Nicole Mondou,Social Security Tribunal
Normand Morin,Social Security Tribunal
Patrick O'Neil,Social Security Tribunal
Eleni Palantzas,Social Security Tribunal
Takis Pappas,Social Security Tribunal
Jean-Philippe Payment,Social Security Tribunal
Shuang Qiao,Social Security Tribunal
Raymond Raphael,Social Security Tribunal
Hazelyn Ross,Social Security Tribunal
Aline Rouleau,Social Security Tribunal
Shannon Russell,Social Security Tribunal
Freda Shamatutu,Social Security Tribunal
Susan Smith,Social Security Tribunal
Kelly Temkin,Social Security Tribunal
Heather Trojek,Social Security Tribunal
Carol Wilton,Social Security Tribunal
Johanne Mainville,Specific Claims Tribunal
Roxanne Morrissey,St. John's Port Authority
Alain Pietroniro,St. Mary and Milk Rivers (Boundary Waters Treaty)
Claude BÃ©dard,Standards Council of Canada
Kathryn Coll,Standards Council of Canada
Suzie Gignac,Standards Council of Canada
Merete Heggelund,Standards Council of Canada
Kathy Milsom,Standards Council of Canada
John Walter,Standards Council of Canada
Roger Bilodeau,Supreme Court of Canada
Carolle Brabant,Telefilm Canada
Claude Joli-Coeur,Telefilm Canada
Marie-Linda Lord,Telefilm Canada
Elise Orenstein,Telefilm Canada
Michel Roy,Telefilm Canada
Tracy Buckler,Thunder Bay Port Authority
John Badowski,Transportation Appeal Tribunal of Canada
Caroline Desbiens,Transportation Appeal Tribunal of Canada
Gary Drouin,Transportation Appeal Tribunal of Canada
Herbert Lee,Transportation Appeal Tribunal of Canada
Barrie LePitre,Transportation Appeal Tribunal of Canada
Jim Parsons,Transportation Appeal Tribunal of Canada
Robert Perlman,Transportation Appeal Tribunal of Canada
Franco Pietracupa,Transportation Appeal Tribunal of Canada
Suzanne Racine,Transportation Appeal Tribunal of Canada
Abdo Shabah,Transportation Appeal Tribunal of Canada
Yves Villemaire,Transportation Appeal Tribunal of Canada
Luc Arvisais,Trois-RiviÃ¨res Port Authority
Nicole Diamond-GÃ©linas,Trois-RiviÃ¨res Port Authority
FranÃ§ois Dupuis,Trois-RiviÃ¨res Port Authority
Martine Gravel,Trois-RiviÃ¨res Port Authority
ClÃ©o Marchand,Trois-RiviÃ¨res Port Authority
Anne Bancroft-Jones,Vancouver Fraser Port Authority
Craig Neeser,Vancouver Fraser Port Authority
Pierre Desjardins,Veterans Review and Appeal Board
Lise Dionne,Veterans Review and Appeal Board
Richard Frenette,Veterans Review and Appeal Board
Dana Kean,Veterans Review and Appeal Board
Roger Langille,Veterans Review and Appeal Board
Serge Martel,Veterans Review and Appeal Board
Brian O'Kurley,Veterans Review and Appeal Board
Brent Taylor,Veterans Review and Appeal Board
Angela Vautour,Veterans Review and Appeal Board
Joan Walsh,Veterans Review and Appeal Board
Richard Woodfield,Veterans Review and Appeal Board
Yves Desjardins-Siciliano,VIA Rail Canada Inc.
Denis Durand,VIA Rail Canada Inc.
David Hoff,VIA Rail Canada Inc.
Jane Mowat,VIA Rail Canada Inc.
Hind Sergieh,VIA Rail Canada Inc.
Rocco Lucente,Windsor Port Authority
Edward Minich,Hamilton Port Authority
Richard Alway,Historic Sites and Monuments Board of Canada
Harold Kalman,Historic Sites and Monuments Board of Canada
Brian MacDonald,Historic Sites and Monuments Board of Canada
Edward Bosveld,Immigration and Refugee Board
Timothy Crowhurst,Immigration and Refugee Board
Larry Murray,Independent Review Panel for Defence Acquisition
James McIlroy,Internal Trade Agreement: Dispute Resolution Roster of Panellists
Arran McPherson,International Council for the Exploration of the Sea
Alain VÃ©zina,International Council for the Exploration of the Sea
Gordon Walker,International Joint Commission
Stephen Poloz,International Monetary Fund
Julius Spivack,Laurentian Pilotage Authority
George Dolhai,Office of the Director of Public Prosecutions
Brian Saunders,Office of the Director of Public Prosecutions
Emily McCarthy,Office of the Information Commissioner
Lorraine Cunningham,Pacific Pilotage Authority
Karen Horcher,Pacific Pilotage Authority
Kevin Obermeyer,Pacific Pilotage Authority
Howard Bruce,Parole Board of Canada
Vincent Caleffi,Parole Board of Canada
Kevin Corcoran,Parole Board of Canada
Mary Crane,Parole Board of Canada
Michael Crowley,Parole Board of Canada
Catherine Dawson,Parole Board of Canada
Ian Fowler,Parole Board of Canada
Jacob Hiebert,Parole Board of Canada
Pauline Hodgkiss,Parole Board of Canada
Douglas Hummell,Parole Board of Canada
Thomas Kaye,Parole Board of Canada
Connie Leclair,Parole Board of Canada
Mitchell MacMillan,Parole Board of Canada
Derek McElveny,Parole Board of Canada
Brian Mullan,Parole Board of Canada
Scott Nettie,Parole Board of Canada
Damian Parrent,Parole Board of Canada
Kim Polowek,Parole Board of Canada
Mike Sanford,Parole Board of Canada
Goldie Shea,Parole Board of Canada
Harvey Silbernagel,Parole Board of Canada
Robert Stoney,Parole Board of Canada
Frederick Wesolowski,Parole Board of Canada
Carolyn Kobernick,Patented Medicine Prices Review Board
Joel LaPointe,Payments in lieu of Taxes Dispute Advisory Panel
Jeffrey Leard,Payments in lieu of Taxes Dispute Advisory Panel
Robert Vincent,Payments in lieu of Taxes Dispute Advisory Panel
Niall O'Dea,Permanent Engineering Board
Elmer Derrick,Prince Rupert Port Authority
William MacKinnon,Public Sector Pension Investment Board
Peter Annis,Public Servants Disclosure Protection Tribunal
Merri Beattie,Public Service Labour Relations and Employment Board
Stephan Bertrand,Public Service Labour Relations and Employment Board
Dev Chankasingh,Public Service Labour Relations and Employment Board
Bryan Gray,Public Service Labour Relations and Employment Board
John Jaworski,Public Service Labour Relations and Employment Board
Steven Katkin,Public Service Labour Relations and Employment Board
Michael McNamara,Public Service Labour Relations and Employment Board
Robert Paulson,Royal Canadian Mounted Police
Peter Gaulton,Saint John Port Authority
Kenneth Knox,"Science, Technology and Innovation Council"
Julia Foster,Social Sciences and Humanities Research Council
Nancy Gallini,Social Sciences and Humanities Research Council
Robert Gibbs,Social Sciences and Humanities Research Council
Raymond Siemens,Social Sciences and Humanities Research Council
Tracy Summerville,Social Sciences and Humanities Research Council
Dominique Bellemare,Social Security Tribunal
Aidan Beresford,Social Security Tribunal
Harry Slade,Specific Claims Tribunal
Colin Clark,Standards Council of Canada
Glenn Feltham,Standards Council of Canada
Richard Raymond,Standards Council of Canada
Mark McQueen,Toronto Port Authority
Robert Poirier,Toronto Port Authority
Elizabeth MacNab,Transportation Appeal Tribunal of Canada
Thomas Longworth,Vancouver Fraser Port Authority
Thomas Jarmyn,Veterans Review and Appeal Board
Christopher McNeil,Veterans Review and Appeal Board
John Morrison,Veterans Review and Appeal Board
Owen Parkhouse,Veterans Review and Appeal Board
Stephen Mallory,VIA Rail Canada Inc.
William Wheatley,VIA Rail Canada Inc.
George Sandala,Windsor Port Authority
Mark McQueen,Windsor-Detroit Bridge Authority
William Aust,Parole Board of Canada
Mark Currie,Parole Board of Canada
James Legh,Payments in lieu of Taxes Dispute Advisory Panel
Peter Armstrong,PPP Canada Inc.
Alfred Popp,Ship-source Oil Pollution Fund
Jeremy Adams,Toronto Port Authority
Mark Gauthier,Transportation Appeal Tribunal of Canada
Donna Zwicker,Historic Sites and Monuments Board of Canada
Teresa Cheung,Immigration and Refugee Board
Garfield Moffatt,Marine Atlantic Inc.
Debra Etsell,National Farm Products Council
J.W. Bird,North Atlantic Salmon Conservation Organization
Howard Sapers,Office of the Correctional Investigator of Canada
Norman Mackie,Oshawa Port Authority
Keith Heming,Parole Board of Canada
Katherine O'Brien,Payments in lieu of Taxes Dispute Advisory Panel
Bobbie Greenland,Renewable Resources Board (Gwich'in)
Lisa Keenan,Saint John Port Authority
Kathleen Craig,Social Security Tribunal
Connie Dyck,Social Security Tribunal
Brian Rodenhurst,Social Security Tribunal
Virginia Saunders,Social Security Tribunal
Anna Truong,Social Security Tribunal
Alyssa Yufe,Social Security Tribunal
W.A. Shaw,Standards Council of Canada
Robert Savage,Hamilton Port Authority
Edward Aronoff,Immigration and Refugee Board
Ivan Lerner,Immigration and Refugee Board
Patricia Miscampbell,Immigration and Refugee Board
Cory Mood,International Commission on the Conservation of Atlantic Tunas
Apostolos Kefalas,Jacques Cartier and Champlain Bridges Incorporated (The)
Sharon Duggan,Marine Atlantic Inc.
Paul Griffin,Marine Atlantic Inc.
Christopher Badger,Nanaimo Port Authority
Moira Jenkins,Nanaimo Port Authority
G. Russon,National Museum of Science and Technology
Leonie Duffy,National Seniors Council
Tim Kwan,National Seniors Council
Daniel Shewchuk,Nunavut Wildlife Management Board
Allan Ranger,Pacific Pilotage Authority
Marilyn Kenny,Parole Board of Canada
Patricia Pitsula,Parole Board of Canada
Guy Bourgeois,Payments in lieu of Taxes Dispute Advisory Panel
Patricia Cooper,Payments in lieu of Taxes Dispute Advisory Panel
Aletta King,Payments in lieu of Taxes Dispute Advisory Panel
Karey Lunau,Payments in lieu of Taxes Dispute Advisory Panel
Jackie Thakore,Payments in lieu of Taxes Dispute Advisory Panel
David Olsen,Public Service Labour Relations and Employment Board
Gillian Kirk,Ridley Terminals Inc.
Roger MacRae,Royal Canadian Mint
L. Fortier,Security Intelligence Review Committee
Ian Holloway,Security Intelligence Review Committee
Margot Ballagh,Social Security Tribunal
Paul Demers,Social Security Tribunal
Jane Galbraith,Social Security Tribunal
Heather Hamilton,Social Security Tribunal
Glen Johnson,Social Security Tribunal
Jacqueline Laidlaw,Social Security Tribunal
Vikki Mitchell,Social Security Tribunal
Catherine Patterson,Social Security Tribunal
Liza Robichaud,Social Security Tribunal
David Somer,Social Security Tribunal
Sara Snook,Standards Council of Canada
Corey Bloom,Telefilm Canada
Bonny Skene,Thunder Bay Port Authority
G. Curry,Toronto Port Authority
B. Morley,Toronto Port Authority
Timothy Chapman,Vancouver Fraser Port Authority
Bonita Small,Veterans Review and Appeal Board
Oates Tobin,Veterans Review and Appeal Board
Bianca DeLuca,Windsor Port Authority
Thomas Andrews,Historic Sites and Monuments Board of Canada
Kenneth Atkinson,Immigration and Refugee Board
Larry Campbell,Immigration and Refugee Board
Andrade de,Immigration and Refugee Board
Douglas Fortney,Immigration and Refugee Board
Stephen Gallagher,Immigration and Refugee Board
Michael McCaffrey,Immigration and Refugee Board
Elana Rose,Immigration and Refugee Board
Joseph SÃ©guin,Military Police Complaints Commission
Donna Hais,Nanaimo Port Authority
Letemplier Broomfield,National Aboriginal Economic Development Board
Hartwick Hueglin,National Film Board
David Cohen,National Museum of Science and Technology
C. Desjardins,National Museum of Science and Technology
Jane Hungerford,National Museum of Science and Technology
William Emmerton,National Seniors Council
Lisa Smith,National Seniors Council
B. Pinto,Natural Sciences and Engineering Research Council
Peter Singh,Oshawa Port Authority
Katherine Bright,Pacific Pilotage Authority
Murray Dodds,Parole Board of Canada
Stuart Whitley,Parole Board of Canada
Edward Gullberg,Payments in lieu of Taxes Dispute Advisory Panel
Rhonda Johnson,Port Alberni Port Authority
Kenneth Clayton,Prince Rupert Port Authority
Robert Hallsor,Prince Rupert Port Authority
C. Shepherd,Ridley Terminals Inc.
Harry Kowal,Royal Military College of Canada
Glenn Cooke,Saint John Port Authority
Bhalwinder Waraich,Social Sciences and Humanities Research Council
Lan An,Social Security Tribunal
Barry Barnes,Social Security Tribunal
Martin Bugden,Social Security Tribunal
Sandeep Chauhan,Social Security Tribunal
John Eberhard,Social Security Tribunal
Teresa Jaenen,Social Security Tribunal
Jaime Mellott,Social Security Tribunal
Michael Moore,Social Security Tribunal
Simone Reinsch,Social Security Tribunal
John Wake,Social Security Tribunal
Joseph Wamback,Social Security Tribunal
Nicole Zwiers,Social Security Tribunal
Deanne Stapleton,St. John's Port Authority
John Power,Supreme Court of Canada
G. Machum,Telefilm Canada
Emilio Rigato,Thunder Bay Port Authority
Murray Walberg,Thunder Bay Port Authority
Christopher Brooks,Transportation Appeal Tribunal of Canada
Trevor Gillmore,Transportation Appeal Tribunal of Canada
K.M. Medve,Transportation Appeal Tribunal of Canada
Richard Willems,Transportation Appeal Tribunal of Canada
Eugene Kwan,Vancouver Fraser Port Authority
Melissa Sonberg,VIA Rail Canada Inc.
Eric Stefanson,VIA Rail Canada Inc.
Denise Ghanam,Windsor Port Authority
Luis Agostinho,Immigration and Refugee Board
Robert Bebbington,Immigration and Refugee Board
Donald Macdougall,Immigration and Refugee Board
F. Pemberton,Immigration and Refugee Board
Ronald Hallman,James Bay and Northern Quebec Agreement
Richard Ringma,Nanaimo Port Authority
Henry Stinson,National Aboriginal Economic Development Board
Russell Mills,National Capital Commission
G. Kroon,National Gallery of Canada
Paul Jenkins,National Research Council of Canada
James Evanchuk,National Seniors Council
Andrew Wister,National Seniors Council
Michael Roman,Pacific Pilotage Authority
Jean Boyer,Parole Board of Canada
Marie Frenette,Parole Board of Canada
Gerald Gerein,Payments in lieu of Taxes Dispute Advisory Panel
Paul Young,Payments in lieu of Taxes Dispute Advisory Panel
Ronald Crema,Port Alberni Port Authority
Allan Haggard,Port Alberni Port Authority
David Bromley,Ridley Terminals Inc.
Thomas Giraud,Ridley Terminals Inc.
Cyril McLean,Security Intelligence Review Committee
Warren Hewitt,Social Sciences and Humanities Research Council
Mark Borer,Social Security Tribunal
Michael Collins,Social Security Tribunal
Jason Glover,Social Security Tribunal
Leroy Legere,Social Security Tribunal
John McCarthy,Social Security Tribunal
Shane Parker,Social Security Tribunal
Adam Picotte,Social Security Tribunal
Oudit Rai,Social Security Tribunal
Bourgeois Ryan,Social Security Tribunal
Elizabeth Sajtos,Social Security Tribunal
Jude Samson,Social Security Tribunal
Kelley Sherwood,Social Security Tribunal
Jeffrey Steinberg,Social Security Tribunal
Richard Sterne,Social Security Tribunal
Gregory Arason,Thunder Bay Port Authority
Bradley Caldwell,Transportation Appeal Tribunal of Canada
Arnold Olson,Transportation Appeal Tribunal of Canada
George Pugh,Transportation Appeal Tribunal of Canada
Paul Landry,Vancouver Fraser Port Authority
Denise Dietrich,Veterans Review and Appeal Board
Bernard LeBlanc,Veterans Review and Appeal Board
Edmond Maher,Veterans Review and Appeal Board
Richard Rennie,Veterans Review and Appeal Board
Deborah Robinson,VIA Rail Canada Inc.
Thomas Porter,Windsor Port Authority
Craig Rix,Windsor-Detroit Bridge Authority
Silva da,Immigration and Refugee Board
James Fraser,International Commission on the Conservation of Atlantic Tunas
Glen Carlin,Jacques Cartier and Champlain Bridges Incorporated (The)
Pierre Henrico,Laurentian Pilotage Authority
Audrey Cope,Nanaimo Port Authority
Sabar Es,National Research Council of Canada
Hubert McGrath,National Seniors Council
Joseph Allison,Oshawa Port Authority
Peter Bernard,Pacific Pilotage Authority
Craig Allan,Parole Board of Canada
Day Crooks,Parole Board of Canada
Neil Tedstone,Payments in lieu of Taxes Dispute Advisory Panel
Arthur McMackin,PPP Canada Inc.
Yazmine Laroche,Public Service Pension Advisory Committee
Gregory Thompson,Roosevelt Campobello International Park Commission
Hughes Bell,Saint John Port Authority
Philip Brewer,Saint John Port Authority
John Peters,Senate
Jack Mintz,Social Sciences and Humanities Research Council
Garnet Barber,Social Security Tribunal
Michael Beauchesne,Social Security Tribunal
Anne Clark,Social Security Tribunal
Judy Daniels,Social Security Tribunal
Parker Hazlett,Social Security Tribunal
Shawnessy Johnson,Social Security Tribunal
Leonard Lyn,Social Security Tribunal
Neil Nawaz,Social Security Tribunal
Mathieu Picard,Social Security Tribunal
Dwayne Provo,Social Security Tribunal
Michael Sheffe,Social Security Tribunal
Pierre Vanderhout,Social Security Tribunal
Katherine Wallocha,Social Security Tribunal
G. Smith,Specific Claims Tribunal
Victor Carrigan,St. John's Port Authority
Ram Raju,Telefilm Canada
C. Keefe,Transportation Appeal Tribunal of Canada
Alexander Phillips,Transportation Appeal Tribunal of Canada
Laura Safran,Transportation Appeal Tribunal of Canada
John Sehmer,Transportation Appeal Tribunal of Canada
Charles Sullivan,Transportation Appeal Tribunal of Canada
T. Turner,Vancouver Fraser Port Authority
Wilfred Jephson,Veterans Review and Appeal Board
Ramona Materi,VIA Rail Canada Inc.
Kathleen Watts,Hamilton Port Authority
Lynne Cunningham,Immigration and Refugee Board
Robert Garner,Immigration and Refugee Board
Noeline Paul,Immigration and Refugee Board
W.J. Sunley,Immigration and Refugee Board
W.J. Sunley,Immigration and Refugee Board
Veronica Zanfir,Immigration and Refugee Board
Veronica Zanfir,Immigration and Refugee Board
W.J. Sunley,Independent Review Panel for Defence Acquisition
Veronica Zanfir,Independent Review Panel for Defence Acquisition
E. McLaughlin,National Museum of Science and Technology
GaspÃ© de,National Research Council of Canada
Gary Valcour,Oshawa Port Authority
Dennis Jonsson,Port Alberni Port Authority
LLP KPMG,PPP Canada Inc.
David Kirsop,Ridley Terminals Inc.
Edward McLean,Roosevelt Campobello International Park Commission
Ramon Andal,Social Security Tribunal
Lianne Byrne,Social Security Tribunal
Verlyn Francis,Social Security Tribunal
John Rose,Social Security Tribunal
W. Whalen,Specific Claims Tribunal
Sarah Kirby,Transportation Appeal Tribunal of Canada
Lapham Mulroney,Windsor-Detroit Bridge Authority
Audrey O'Brien,House of Commons
Lesley Mason,Immigration and Refugee Board
Diane Sokolyk,Immigration and Refugee Board
Tomaso Di,Laurentian Pilotage Authority
Mary Dawson,Office of the Conflict of Interest and Ethics Commissioner
James Hart,Parole Board of Canada
Mary Lindberg,Patented Medicine Prices Review Board
Grace Muzyka,Payments in lieu of Taxes Dispute Advisory Panel
Jennifer Clarke,Prince Rupert Port Authority
John Noonan,Social Security Tribunal
Jane Wong,Social Security Tribunal
Carol Kerfoot,Vancouver Fraser Port Authority
Michele Cautillo,Windsor-Detroit Bridge Authority
Sonia Gaal,Military Grievances External Review Committee
Teresa Day,Social Security Tribunal
Gordon McRae,Immigration and Refugee Board
Chris Kluczewski,Oshawa Port Authority
Donna Joy Zwicker,Historic Sites and Monuments Board of Canada
Teresa Tak Cheung,Immigration and Refugee Board
Garfield Ian Moffatt,Marine Atlantic Inc.
Debra Ann Etsell,National Farm Products Council
J.W. Bud Bird,North Atlantic Salmon Conservation Organization
Howard Ian Sapers,Office of the Correctional Investigator of Canada
Norman Rae Mackie,Oshawa Port Authority
Keith Ian Heming,Parole Board of Canada
Katherine Joy O'Brien,Payments in lieu of Taxes Dispute Advisory Panel
Bobbie Joe Greenland,Renewable Resources Board (Gwich'in)
Lisa Ann Keenan,Saint John Port Authority
Kathleen Loo Craig,Social Security Tribunal
Connie Lee Dyck,Social Security Tribunal
Brian Ray Rodenhurst,Social Security Tribunal
Virginia Lee Saunders,Social Security Tribunal
Anna Anh Truong,Social Security Tribunal
Alyssa Joy Yufe,Social Security Tribunal
W.A. Sam Shaw,Standards Council of Canada
Robert Paul Savage,Hamilton Port Authority
Edward Earl Aronoff,Immigration and Refugee Board
Ivan Mark Lerner,Immigration and Refugee Board
Patricia Jean Miscampbell,Immigration and Refugee Board
Cory Carl Mood,International Commission on the Conservation of Atlantic Tunas
Apostolos Paul Kefalas,Jacques Cartier and Champlain Bridges Incorporated (The)
Sharon Ruth Duggan,Marine Atlantic Inc.
Paul John Griffin,Marine Atlantic Inc.
Christopher John Badger,Nanaimo Port Authority
Moira Jane Jenkins,Nanaimo Port Authority
G. Neil Russon,National Museum of Science and Technology
Leonie Napa Duffy,National Seniors Council
Tim Wing Kwan,National Seniors Council
Daniel Mark Shewchuk,Nunavut Wildlife Management Board
Allan John Ranger,Pacific Pilotage Authority
Marilyn Anne Kenny,Parole Board of Canada
Patricia Lynn Pitsula,Parole Board of Canada
Guy Jean Bourgeois,Payments in lieu of Taxes Dispute Advisory Panel
Patricia Lynn Cooper,Payments in lieu of Taxes Dispute Advisory Panel
Aletta Anne King,Payments in lieu of Taxes Dispute Advisory Panel
Karey Anne Lunau,Payments in lieu of Taxes Dispute Advisory Panel
Robert Paul Tchegus,Payments in lieu of Taxes Dispute Advisory Panel
Jackie Lynn Thakore,Payments in lieu of Taxes Dispute Advisory Panel
David Paul Olsen,Public Service Labour Relations and Employment Board
Gillian Gail Kirk,Ridley Terminals Inc.
Roger Kirk MacRae,Royal Canadian Mint
L. Yves Fortier,Security Intelligence Review Committee
Ian Carl Holloway,Security Intelligence Review Committee
Margot Mary Ballagh,Social Security Tribunal
Paul Jean Demers,Social Security Tribunal
Jane Anne Galbraith,Social Security Tribunal
Heather Jane Hamilton,Social Security Tribunal
Glen John Johnson,Social Security Tribunal
Jacqueline Ruth Laidlaw,Social Security Tribunal
Vikki Anne Mitchell,Social Security Tribunal
Catherine Mary Patterson,Social Security Tribunal
Liza Anne Robichaud,Social Security Tribunal
David Joel Somer,Social Security Tribunal
Michael John Crosbie,St. John's Port Authority
Sara Jane Snook,Standards Council of Canada
Corey Anne Bloom,Telefilm Canada
Bonny Lynn Skene,Thunder Bay Port Authority
G. Mark Curry,Toronto Port Authority
B. Sean Morley,Toronto Port Authority
Timothy John Chapman,Vancouver Fraser Port Authority
Bonita Mary Small,Veterans Review and Appeal Board
Oates Mary Tobin,Veterans Review and Appeal Board
Bianca Mary DeLuca,Windsor Port Authority
Thomas David Andrews,Historic Sites and Monuments Board of Canada
Kenneth David Atkinson,Immigration and Refugee Board
Larry James Campbell,Immigration and Refugee Board
Andrade Maria de,Immigration and Refugee Board
Douglas Bruce Fortney,Immigration and Refugee Board
Stephen James Gallagher,Immigration and Refugee Board
Michael Scott McCaffrey,Immigration and Refugee Board
Elana Nancy Rose,Immigration and Refugee Board
Joseph Donat SÃ©guin,Military Police Complaints Commission
Donna Marie Hais,Nanaimo Port Authority
Letemplier Hilda Broomfield,National Aboriginal Economic Development Board
Hartwick Janet Hueglin,National Film Board
David James Cohen,National Museum of Science and Technology
C. David Desjardins,National Museum of Science and Technology
Jane Knott Hungerford,National Museum of Science and Technology
William James Emmerton,National Seniors Council
Lisa Marie Smith,National Seniors Council
B. Mario Pinto,Natural Sciences and Engineering Research Council
Peter Ganga Singh,Oshawa Port Authority
Katherine Edith Bright,Pacific Pilotage Authority
Murray Allan Dodds,Parole Board of Canada
Stuart James Whitley,Parole Board of Canada
Edward Wayne Gullberg,Payments in lieu of Taxes Dispute Advisory Panel
James Scott Wilson,Payments in lieu of Taxes Dispute Advisory Panel
Rhonda Marie Johnson,Port Alberni Port Authority
Kenneth Bruce Clayton,Prince Rupert Port Authority
Robert Bruce Hallsor,Prince Rupert Port Authority
C. Scott Shepherd,Ridley Terminals Inc.
Harry James Kowal,Royal Military College of Canada
Glenn Bruce Cooke,Saint John Port Authority
Bhalwinder Singh Waraich,Social Sciences and Humanities Research Council
Lan Tuyet An,Social Security Tribunal
Barry David Barnes,Social Security Tribunal
Martin Henry Bugden,Social Security Tribunal
Sandeep Singh Chauhan,Social Security Tribunal
John Janes Eberhard,Social Security Tribunal
Teresa Diane Jaenen,Social Security Tribunal
Jaime Lynne Mellott,Social Security Tribunal
Michael Tyler Moore,Social Security Tribunal
Simone Marie Reinsch,Social Security Tribunal
Roy Grant Smith,Social Security Tribunal
John David Wake,Social Security Tribunal
Joseph Frank Wamback,Social Security Tribunal
Nicole Irena Zwiers,Social Security Tribunal
Deanne Helen Stapleton,St. John's Port Authority
John David Power,Supreme Court of Canada
G. Grant Machum,Telefilm Canada
Emilio Frank Rigato,Thunder Bay Port Authority
Murray James Walberg,Thunder Bay Port Authority
Christopher James Brooks,Transportation Appeal Tribunal of Canada
Trevor Allan Gillmore,Transportation Appeal Tribunal of Canada
James Edwin Macdonald,Transportation Appeal Tribunal of Canada
K.M. Tracy Medve,Transportation Appeal Tribunal of Canada
Richard Floyd Willems,Transportation Appeal Tribunal of Canada
James Brook Wilson,Treaty Relations Commission of Manitoba
Eugene Hsiao Kwan,Vancouver Fraser Port Authority
Melissa Shari Sonberg,VIA Rail Canada Inc.
Eric Lorne Stefanson,VIA Rail Canada Inc.
Denise Clair Ghanam,Windsor Port Authority
William Alvin Graham,Windsor-Detroit Bridge Authority
Luis Filipe Agostinho,Immigration and Refugee Board
Robert Joseph Bebbington,Immigration and Refugee Board
Donald Virtue Macdougall,Immigration and Refugee Board
Kenneth Duncan MacLean,Immigration and Refugee Board
F. George Pemberton,Immigration and Refugee Board
Richard Arthur Morgan,International Joint Commission
Ronald Lionel Hallman,James Bay and Northern Quebec Agreement
Richard Sidney Ringma,Nanaimo Port Authority
Henry Sharon Stinson,National Aboriginal Economic Development Board
Donald Thomas Walcot,National Arts Centre Corporation
Russell Andrew Mills,National Capital Commission
G. Howard Kroon,National Gallery of Canada
Paul Thomas Jenkins,National Research Council of Canada
James Thomas Evanchuk,National Seniors Council
Andrew Victor Wister,National Seniors Council
Michael Walter Roman,Pacific Pilotage Authority
Jean Claude Boyer,Parole Board of Canada
Marie Claude Frenette,Parole Board of Canada
Gerald Joseph Gerein,Payments in lieu of Taxes Dispute Advisory Panel
Paul Robert Young,Payments in lieu of Taxes Dispute Advisory Panel
Ronald Victor Crema,Port Alberni Port Authority
Allan Robert Haggard,Port Alberni Port Authority
David Edward Bromley,Ridley Terminals Inc.
Thomas Sewell Giraud,Ridley Terminals Inc.
Cyril Eugene McLean,Security Intelligence Review Committee
Warren Edward Hewitt,Social Sciences and Humanities Research Council
Mark Steven Borer,Social Security Tribunal
Michael Joseph Collins,Social Security Tribunal
Jason George Glover,Social Security Tribunal
Leroy Joseph Legere,Social Security Tribunal
John Gerard McCarthy,Social Security Tribunal
Shane Robert Parker,Social Security Tribunal
Adam Thomas Picotte,Social Security Tribunal
Oudit Narine Rai,Social Security Tribunal
Bourgeois Angela Ryan,Social Security Tribunal
Elizabeth Joanne Sajtos,Social Security Tribunal
Jude Pierre Samson,Social Security Tribunal
Kelley Joanne Sherwood,Social Security Tribunal
Jeffrey Stuart Steinberg,Social Security Tribunal
Richard Wilton Sterne,Social Security Tribunal
John Walter Hodder,St. John's Port Authority
Gregory Skapti Arason,Thunder Bay Port Authority
Bradley Morris Caldwell,Transportation Appeal Tribunal of Canada
Arnold Marvin Olson,Transportation Appeal Tribunal of Canada
George Ernest Pugh,Transportation Appeal Tribunal of Canada
Paul Robert Landry,Vancouver Fraser Port Authority
Denise Sherry Dietrich,Veterans Review and Appeal Board
Bernard Thomas LeBlanc,Veterans Review and Appeal Board
Edmond Fraser Maher,Veterans Review and Appeal Board
Richard Albert Rennie,Veterans Review and Appeal Board
Deborah Wallis Robinson,VIA Rail Canada Inc.
Thomas Robert Porter,Windsor Port Authority
Craig Stuart Rix,Windsor-Detroit Bridge Authority
Silva Anthony da,Immigration and Refugee Board
James Douglas Fraser,International Commission on the Conservation of Atlantic Tunas
Glen Patrick Carlin,Jacques Cartier and Champlain Bridges Incorporated (The)
Pierre (Peter) Henrico,Laurentian Pilotage Authority
Audrey Cynthia Cope,Nanaimo Port Authority
Sabar Karimah Es,National Research Council of Canada
Hubert Patrick McGrath,National Seniors Council
Joseph Herbert Allison,Oshawa Port Authority
Peter Goodwin Bernard,Pacific Pilotage Authority
Craig Michael Allan,Parole Board of Canada
Day Natasha Crooks,Parole Board of Canada
Neil Kenneth Tedstone,Payments in lieu of Taxes Dispute Advisory Panel
Arthur William McMackin,PPP Canada Inc.
Yazmine Cecilia Laroche,Public Service Pension Advisory Committee
Gregory Francis Thompson,Roosevelt Campobello International Park Commission
Hughes Melanie Bell,Saint John Port Authority
Philip Carroll Brewer,Saint John Port Authority
John Gregory Peters,Senate
Jack Maurice Mintz,Social Sciences and Humanities Research Council
Garnet (Randy) Barber,Social Security Tribunal
Michael Anthony Beauchesne,Social Security Tribunal
Anne Shirley Clark,Social Security Tribunal
Judy Deloris Daniels,Social Security Tribunal
Parker Valerie Hazlett,Social Security Tribunal
Shawnessy Yevonne Johnson,Social Security Tribunal
Leonard Raphael Lyn,Social Security Tribunal
Neil Parvaiz Nawaz,Social Security Tribunal
Mathieu Nicolas Picard,Social Security Tribunal
Dwayne Anthony Provo,Social Security Tribunal
Michael Stephen Sheffe,Social Security Tribunal
Pierre Maurice Vanderhout,Social Security Tribunal
Katherine Corinne Wallocha,Social Security Tribunal
G. Patrick Smith,Specific Claims Tribunal
Victor Russell Carrigan,St. John's Port Authority
Ram Krishna Raju,Telefilm Canada
C. Michael Keefe,Transportation Appeal Tribunal of Canada
Alexander Charles Phillips,Transportation Appeal Tribunal of Canada
Laura Marilyn Safran,Transportation Appeal Tribunal of Canada
John Michael Sehmer,Transportation Appeal Tribunal of Canada
Charles Stanley Sullivan,Transportation Appeal Tribunal of Canada
T. Richard Turner,Vancouver Fraser Port Authority
Wilfred Charles Jephson,Veterans Review and Appeal Board
Ramona Rosanne Materi,VIA Rail Canada Inc.
Kathleen Margaret Watts,Hamilton Port Authority
Lynne Patricia Cunningham,Immigration and Refugee Board
Robert Sinclair Garner,Immigration and Refugee Board
Noeline Sujithra Paul,Immigration and Refugee Board
W.J. Sterling Sunley,Immigration and Refugee Board
W.J. Sterling Sunley,Immigration and Refugee Board
Veronica Gabriela Zanfir,Immigration and Refugee Board
Veronica Gabriela Zanfir,Immigration and Refugee Board
W.J. Sterling Sunley,Independent Review Panel for Defence Acquisition
Veronica Gabriela Zanfir,Independent Review Panel for Defence Acquisition
E. Virginia McLaughlin,National Museum of Science and Technology
GaspÃ© Beaubien de,National Research Council of Canada
Gary Franklin Valcour,Oshawa Port Authority
Lubomyr Yaroslav Luciuk,Parole Board of Canada
Dennis Lawrence Jonsson,Port Alberni Port Authority
LLP (Ottawa) KPMG,PPP Canada Inc.
David Jonathan Kirsop,Ridley Terminals Inc.
Edward Laughlin McLean,Roosevelt Campobello International Park Commission
Ramon Valenton Andal,Social Security Tribunal
Lianne Marcella Byrne,Social Security Tribunal
Verlyn Floretta Francis,Social Security Tribunal
John Franklin Rose,Social Security Tribunal
W. Lawrence Whalen,Specific Claims Tribunal
Patrick Terrence Dowd,Transportation Appeal Tribunal of Canada
Sarah Margaret Kirby,Transportation Appeal Tribunal of Canada
Lapham Caroline Mulroney,Windsor-Detroit Bridge Authority
Audrey Elizabeth O'Brien,House of Commons
Lesley Elizabeth Mason,Immigration and Refugee Board
Diane Elizabeth Sokolyk,Immigration and Refugee Board
Tomaso Francesco Di,Laurentian Pilotage Authority
Mary Elizabeth Dawson,Office of the Conflict of Interest and Ethics Commissioner
James Alexander Hart,Parole Board of Canada
Mary Catherine Lindberg,Patented Medicine Prices Review Board
Grace Alexandra Muzyka,Payments in lieu of Taxes Dispute Advisory Panel
Jennifer Brunsdale Clarke,Prince Rupert Port Authority
John Valentine Noonan,Social Security Tribunal
Jane Yee-Ching Wong,Social Security Tribunal
Carol Alexandra Kerfoot,Vancouver Fraser Port Authority
Michele (Michael) Cautillo,Windsor-Detroit Bridge Authority
Sonia Anne-Marie Gaal,Military Grievances External Review Committee
Teresa Marguerite Day,Social Security Tribunal
Gordon Christopher McRae,Immigration and Refugee Board
Chris (Krzysztof) Kluczewski,Oshawa Port Authority
Stephen Johnson,Parole Board of Canada
Lubomyr Luciuk,Parole Board of Canada
David Crate,National Aboriginal Economic Development Board
Jay Josefo,National Research Council of Canada
Stephen Rogers,Transportation Appeal Tribunal of Canada
Gilles Morin,Laurentian Pilotage Authority
Donald Walcot,National Arts Centre Corporation
John McDougall,National Research Council of Canada
James Miller,Historic Sites and Monuments Board of Canada
Leonard Hall,Veterans Review and Appeal Board
William Graham,Windsor-Detroit Bridge Authority
John Bell,Royal Canadian Mint
Claude Bennett,Royal Canadian Mint
Ian Mackenzie,Parole Board of Canada
Michael Crosbie,St. John's Port Authority
Roy Smith,Social Security Tribunal
Kenneth MacLean,Immigration and Refugee Board
Patrick Dowd,Transportation Appeal Tribunal of Canada
Michael Mueller,Public Sector Pension Investment Board
Robert Tchegus,Payments in lieu of Taxes Dispute Advisory Panel
John Baker,Social Sciences and Humanities Research Council
John Hodder,St. John's Port Authority
Guy Dancosse,Royal Canadian Mint
Ghislain Harvey,Royal Canadian Mint
Carol Pennycook,PPP Canada Inc.
James Wilson,Payments in lieu of Taxes Dispute Advisory Panel
James Wilson,Treaty Relations Commission of Manitoba
Malcolm Brown,International Bank for Reconstruction and Development
Malcolm Brown,Multilateral Investment Guarantee Agency
Richard Morgan,International Joint Commission
Joe Oliver,Multilateral Investment Guarantee Agency
Richard Bogoroch,Patented Medicine Prices Review Board
Carman Joynt,Royal Canadian Mint
Robert Malo,Veterans Review and Appeal Board
David Henley,Transportation Appeal Tribunal of Canada
William Ross,Royal Canadian Mint
James Macdonald,Transportation Appeal Tribunal of Canada
Robert Brown,Payments in lieu of Taxes Dispute Advisory Panel